severity,reasons,position_key,discipline_final,discipline_model_suggested,discipline_model_secondary,model_id,model_confidence,model_margin,discipline_refinement_source,review_status,reviewed_discipline,review_notes,reviewer,title,organization,location,published_date,url
3,final_other;still_other_low_signal,"title_org::doctoral student in environmental toxicology::wildlife toxicology laboratory, texas tech university (state)::texas tech university (lubbock, tx, texas)::03/18/2026",Other,Wildlife,,20261002_161903,0.3363,0.1903,rule,,,,,Doctoral Student in Environmental Toxicology,"Wildlife Toxicology Laboratory, Texas Tech University (State)","Texas Tech University (Lubbock, Tx, Texas)",03/18/2026,https://jobs.rwfm.tamu.edu/view-job/?id=114882
3,final_other;still_other_low_signal,"title_org::ms position - impacts of global change drivers on dryland plant communities - marshall u, palmquist lab::marshall university (state)::department of biological sciences, marshall university (huntington, west virginia)::06/30/2025",Other,Environmental Sciences,,20261002_161903,0.276,0.0841,rule,,,,,"MS position - impacts of global change drivers on dryland plant communities - Marshall U, Palmquist lab",Marshall University (State),"Department of Biological Sciences, Marshall University (Huntington, West Virginia)",06/30/2025,https://jobs.rwfm.tamu.edu/view/107468/
3,final_other;still_other_low_signal,"title_org::phd student in landscape ecology at the university of texas at el paso::utep (state)::el paso, texas::06/26/2025",Other,Environmental Sciences,,20261002_161903,0.247,0.0785,rule,,,,,PhD Student in Landscape Ecology at The University of Texas at El Paso,UTEP (State),"El Paso, Texas",06/26/2025,https://jobs.rwfm.tamu.edu/view/107401/
3,final_other;still_other_low_signal,"title_org::ph.d. position - crustnet::university of texas at el paso (state)::500 w. university ave. (el paso, texas)::09/03/2025",Other,Environmental Sciences,,20261002_161903,0.2302,0.0639,rule,,,,,Ph.D. position - CrustNet,University of Texas at El Paso (State),"500 W. University Ave. (El Paso, Texas)",09/03/2025,https://jobs.rwfm.tamu.edu/view-job/?id=96957
3,final_other;still_other_low_signal,"title_org::several ms positions in applied ecology and conservation biology - frostburg state university::frostburg state university (state)::frostburg state university (frostburg, maryland)::01/17/2025",Other,Wildlife,,20261002_161903,0.2239,0.0355,rule,,,,,Several MS positions in Applied Ecology and Conservation Biology - Frostburg State University,Frostburg State University (State),"Frostburg State University (Frostburg, Maryland)",01/17/2025,
3,final_other;still_other_low_signal,"title_org::phd research position – hepatic metabolism in equine insulin dysregulation::mississippi state university (state)::college of veterinary medicine, mississippi state university (mississippi state, mississippi)::09/09/2026",Other,Fisheries and Aquatic,,20261002_161903,0.1999,0.0111,rule,,,,,PhD Research Position – Hepatic Metabolism in Equine Insulin Dysregulation,Mississippi State University (State),"College of Veterinary Medicine, Mississippi State University (Mississippi State, Mississippi)",09/09/2026,https://jobs.rwfm.tamu.edu/view-job/?id=118683
3,final_other;still_other_low_signal,"title_org::camera trapping survival and abundance master's position (ri)::kathleen carroll (private)::1 greenhouse rd (kingston, rhode island)::04/28/2026",Other,Wildlife,,20261002_161903,0.1922,0.007,rule,,,,,Camera Trapping Survival and Abundance Master's Position (RI),Kathleen Carroll (Private),"1 Greenhouse Rd (Kingston, Rhode Island)",04/28/2026,https://jobs.rwfm.tamu.edu/view-job/?id=116012
3,final_other;still_other_low_signal,"title_org::several ms positions in applied ecology and conservation biology::frostburg state university (state)::frostburg state university (frostburg, maryland)::01/17/2025",Other,Wildlife,,20261002_161903,0.177,0.0067,rule,,,,,Several MS positions in Applied Ecology and Conservation Biology,Frostburg State University (State),"Frostburg State University (Frostburg, Maryland)",01/17/2025,https://jobs.rwfm.tamu.edu/view/102817/
3,final_other;still_other_low_signal,"title_org::m.s. position – using drones to study urban parrots in southern california (cal poly pomona)::cal poly pomona (state)::3801 w. temple ave (pomona, california)::06/26/2025",Other,Fisheries and Aquatic,,20261002_161903,0.1764,0.0112,rule,,,,,M.S. Position – Using drones to study urban parrots in Southern California (Cal Poly Pomona),Cal Poly Pomona (State),"3801 W. Temple Ave (Pomona, California)",06/26/2025,https://jobs.rwfm.tamu.edu/view/107434/
3,final_other;still_other_low_signal,"title_org::graduate research assistant (m.s.)::university of wisconsin-la crosse (state)::la crosse, wisconsin::06/27/2025",Other,Forestry and Habitat,,20261002_161903,0.1693,0.0065,rule,,,,,Graduate Research Assistant (M.S.),University of Wisconsin-La Crosse (State),"La Crosse, Wisconsin",06/27/2025,https://jobs.rwfm.tamu.edu/view/107411/
